{
  "formatVersion": 1,
  "database": {
    "version": 1,
    "identityHash": "baea7d2dcc64e4e3ead41fc530f33a11",
    "entities": [
      {
        "tableName": "user_table",
        "createSql": "CREATE TABLE IF NOT EXISTS `${TABLE_NAME}` (`mLogId` INTEGER PRIMARY KEY AUTOINCREMENT NOT NULL, `mUserId` INTEGER NOT NULL)",
        "fields": [
          {
            "fieldPath": "mLogId",
            "columnName": "mLogId",
            "affinity": "INTEGER",
            "notNull": true
          },
          {
            "fieldPath": "mUserId",
            "columnName": "mUserId",
            "affinity": "INTEGER",
            "notNull": true
          }
        ],
        "primaryKey": {
          "columnNames": [
            "mLogId"
          ],
          "autoGenerate": true
        },
        "indices": [],
        "foreignKeys": []
      },
      {
        "tableName": "User",
        "createSql": "CREATE TABLE IF NOT EXISTS `${TABLE_NAME}` ()",
        "fields": [],
        "primaryKey": {
          "columnNames": [],
          "autoGenerate": false
        },
        "indices": [],
        "foreignKeys": []
      }
    ],
    "views": [],
    "setupQueries": [
      "CREATE TABLE IF NOT EXISTS room_master_table (id INTEGER PRIMARY KEY,identity_hash TEXT)",
      "INSERT OR REPLACE INTO room_master_table (id,identity_hash) VALUES(42, 'baea7d2dcc64e4e3ead41fc530f33a11')"
    ]
  }
}