{
  "formatVersion": 1,
  "database": {
    "version": 5,
    "identityHash": "f0c78787877a91eb17d11afe93661e27",
    "entities": [
      {
        "tableName": "USER_TABLE2",
        "createSql": "CREATE TABLE IF NOT EXISTS `${TABLE_NAME}` (`mUserId` INTEGER PRIMARY KEY AUTOINCREMENT NOT NULL, `mUserName` TEXT, `mPassword` TEXT, `mIsAdmin` TEXT)",
        "fields": [
          {
            "fieldPath": "mUserId",
            "columnName": "mUserId",
            "affinity": "INTEGER",
            "notNull": true
          },
          {
            "fieldPath": "mUserName",
            "columnName": "mUserName",
            "affinity": "TEXT",
            "notNull": false
          },
          {
            "fieldPath": "mPassword",
            "columnName": "mPassword",
            "affinity": "TEXT",
            "notNull": false
          },
          {
            "fieldPath": "mIsAdmin",
            "columnName": "mIsAdmin",
            "affinity": "TEXT",
            "notNull": false
          }
        ],
        "primaryKey": {
          "columnNames": [
            "mUserId"
          ],
          "autoGenerate": true
        },
        "indices": [],
        "foreignKeys": []
      }
    ],
    "views": [],
    "setupQueries": [
      "CREATE TABLE IF NOT EXISTS room_master_table (id INTEGER PRIMARY KEY,identity_hash TEXT)",
      "INSERT OR REPLACE INTO room_master_table (id,identity_hash) VALUES(42, 'f0c78787877a91eb17d11afe93661e27')"
    ]
  }
}